episode,total_reward,episode_steps,lap_count,mean_loss,epsilone,avg_reward_last_10
0,-107.0,19,0,,1.0,-107.0
1,-120.0,10,0,,1.0,-113.5
2,-125.0,11,0,,1.0,-117.33333333333333
3,-120.0,11,0,,1.0,-118.0
4,-103.0,11,0,,1.0,-115.0
5,-111.0,10,0,,1.0,-114.33333333333333
6,-101.0,13,0,,1.0,-112.42857142857143
